<?xml version="1.0" encoding="UTF-8"?>

<!DOCTYPE mapper
 PUBLIC "-//mybatis.org//DTD Mapper 3.0//EN"
 "http://mybatis.org/dtd/mybatis-3-mapper.dtd">
 
 <mapper namespace="CEO">

       
    <insert id="store_in">
       insert into store(storeNum, cate, detailCate, storeName, storeIntro, storeAddr1, storeAddr2, regNum, storeLogo, memId)
        values(bno2_seq.nextval,#{cate},#{detailCate},#{storeName},#{storeIntro},#{storeAddr1},#{storeAddr2},#{regNum},#{storeLogo},#{memId}) 
    </insert>
    
    <select id="get_cate" resultType="String">
       select cate from store where storeNum = #{store_num}
    </select>
    
    <insert id="insert_menu">
       insert into room values(bno2_seq.nextval, #{storeNum}, #{roomName}, #{roomExplain}, #{roomPrice}, #{roomPhoto}, #{standardNum}, #{maxNum}, #{checkIn}, #{checkOut})
    </insert>
    
    <select id="get_detail_cate" resultType="String">
       select detailCate from store where storeNum = #{store_num}
    </select>
    
    <delete id="del_menu">
       delete from room where roomNum = #{menu_id}
    </delete>
    
    <update id="edit_menu">
       update room set roomName = #{roomName}, roomprice=#{roomPrice}, roomexplain=#{roomExplain}, roomphoto=#{roomPhoto}, checkIn=#{checkIn}, checkOut=#{checkOut}, 
       maxnum = #{maxNum}, standardnum = #{standardNum}
        where roomNum = #{roomNum}
    </update>
    
	<update id="storeIntro_edit">
		update store set storeIntro = #{storeIntro} , storeAddr1 = #{storeAddr1}, storeAddr2 = #{storeAddr2} where storeNum = #{storeNum}
	</update>
 </mapper>