<?xml version="1.0" encoding="UTF-8"?>

<!DOCTYPE mapper
 PUBLIC "-//mybatis.org//DTD Mapper 3.0//EN"
 "http://mybatis.org/dtd/mybatis-3-mapper.dtd">

<mapper namespace="Payment">
	
	<select id="getCoupons" resultType="coupon">
		SELECT * FROM coupon
		INNER JOIN couponPersonal
		ON coupon.couponName = couponPersonal.couponName
		WHERE memId = #{memId}
	</select>
	
	<select id="getMenu" resultType="room">
		SELECT * FROM room
		WHERE roomNum = #{roomNum}
	</select>
	
	<select id="getStore" resultType="store">
		SELECT * FROM store WHERE storeNum = #{storeNum}

	</select>
	
	<select id="getCouponIssue" parameterType="hashmap" resultType="coupon">
		SELECT * FROM coupon c
		INNER JOIN couponPersonal cp
		ON c.couponName = cp.couponName
		WHERE cp.couponName = #{coupon_name} AND memId = #{mem_id}
	</select>
	
	<insert id="insertCoupon">
		INSERT INTO couponPersonal(couponName, memId)
		VALUES (#{couponName}, #{memId})
	</insert>
	
	<select id="getMember" resultType="member">
		SELECT * FROM member
		WHERE memId = #{memId}
	</select>
	
	<!-- admin 쿠폰 등록 -->
	<insert id="insertAdCoupon">
		INSERT INTO coupon(COUPONNAME, couponDiscountrate, couponStartDate, couponEndDate) 
		VALUES(#{couponName}, #{couponDiscountrate}, #{couponStartDate}, #{couponEndDate})
	</insert>
	
	<!-- admin 쿠폰 목록 -->
	<select id="getCouponList" resultType="coupon">
		select * from coupon
	</select>
	
	<!-- 결제 시 포인트 차감 및 적립 -->
	<update id="pointEarn" parameterType="hashmap">
		UPDATE member
		SET point = point - #{pointDiscount} + #{pointEarn} 
		WHERE memId = #{memId}
	</update>

	<insert id="reservation">
		INSERT INTO RESERVATION(RESVNUM, STORENUM, STORENAME, ROOMNUM, ROOMNAME, MEMID, AMOUNT, STARTDAY, ENDDAY)
		VALUES(#{resvNum}, #{storeNum}, #{storeName}, #{roomNum}, #{roomName}, #{memId}, #{amount}, #{startDay}, #{endDay})
	</insert>
	
</mapper>