<?xml version="1.0" encoding="UTF-8"?>

<!DOCTYPE mapper
 PUBLIC "-//mybatis.org//DTD Mapper 3.0//EN"
 "http://mybatis.org/dtd/mybatis-3-mapper.dtd">
 
 <mapper namespace="Review">
 	
 	<!-- 리뷰 등록 -->
 	<insert id="set_review">
 		insert into review(reviewNum,memId,storeNum,reviewRating, reviewCont, reviewRecommend,reviewDate)
 		values(
 		NUM_SEQ.nextval,
 		#{memId},
 		#{storeNum},
 		#{reviewRating},
 		#{reviewCont},
 		0,
 		sysdate
 		)
 	</insert>
 	
 	<!-- 리뷰 목록  -->
 	<select id = "get_review" resultType="com.far.dto.ReviewDTO">
 		select * from review where storeNum = #{storeNum} order by reviewNum desc
 	</select>
 	
 	<!-- 리뷰삭제 -->
 	<delete id="del_review">
 		delete from review where reviewNum=#{reviewNum}
 	</delete>
 	
 	<!-- 리뷰 수정 -->
 	<update id="edit_review">
 		update review set reviewCont = #{reviewCont}, reviewRating= #{reviewRating}, reviewDate = sysdate where reviewNum=#{reviewNum}
 	</update>
 	
 	<!-- 리뷰 한 개 정보 -->
 	<select id="get_update_review" resultType="com.far.dto.ReviewDTO">
 		select * from review where reviewNum=#{reviewNum}
 	</select>
 	
 	<!-- 리뷰 개수 -->
 	<select id="review_count" resultType="int">
 		select count(*) from review where storeNum=#{storeNum}
 	</select>
 	
 	<!-- 리뷰 추천 -->
 	<update id="recommend_up">
 		update review set reviewRecommend = reviewRecommend +1  where reviewNum=#{reviewNum} and storeNum=#{storeNum}
 	</update>
 	
 	<!-- 추천 여부 -->
 	<select id="recommend_check" resultType="int">
 		select count(*) from recommend where reviewNum = #{reviewNum} and memId = #{memId} and storeNum = #{storeNum}
 	</select>
 </mapper>