<?xml version="1.0" encoding="UTF-8"?>

<!DOCTYPE configuration
PUBLIC "-//mybatis.org//DTD Config 3.0//EN"
"http://mybatis.org/dtd/mybatis-3-config.dtd">

<configuration>
	<typeAliases>

		<typeAlias type="com.far.dto.StoreDTO" alias="store" />

		<typeAlias type="com.far.dto.RoomDTO" alias="room" />

		<typeAlias type="com.far.dto.ResvDTO" alias="resv" />

		<typeAlias type="com.far.dto.MemberDTO" alias="member" />

		<typeAlias type="com.far.dto.CouponDTO" alias="coupon" />

		<typeAlias type="com.far.dto.ReviewDTO" alias="review"/>
		
		<typeAlias type="com.far.dto.JJimDTO" alias="jjim"/>
		
		<typeAlias type="com.far.dto.RecommendDTO" alias="recommend"/>
		
		
	</typeAliases>
</configuration>